<?xml version="1.0" encoding="UTF-8"?>
<project-private xmlns="http://www.netbeans.org/ns/project-private/1">
    <editor-bookmarks xmlns="http://www.netbeans.org/ns/editor-bookmarks/2" lastBookmarkId="0"/>
    <open-files xmlns="http://www.netbeans.org/ns/projectui-open-files/2">
        <group>
            <file>file:/C:/Users/ROGA11.000/Documents/NetBeansProjects/Proyecto1_2022/src/Interfaz/Inicio.java</file>
            <file>file:/C:/Users/ROGA11.000/Documents/NetBeansProjects/Proyecto1_2022/src/Interfaz/Cliente.java</file>
            <file>file:/C:/Users/ROGA11.000/Documents/NetBeansProjects/Proyecto1_2022/src/Interfaz/Admininistrador.java</file>
            <file>file:/C:/Users/ROGA11.000/Documents/NetBeansProjects/Proyecto1_2022/src/Interfaz/Login.java</file>
        </group>
    </open-files>
</project-private>
